[
  {
    "id": 2,
    "priority": 1,
    "action": {
      "type": "block"
    },
    "condition": {
      "urlFilter": "https://app.grammarly.com/profile*",
      "resourceTypes": [
        "main_frame"
      ]
    }
  },
  {
    "id": 3,
    "priority": 1,
    "action": {
      "type": "block"
    },
    "condition": {
      "regexFilter": "^https://(support|subscription|account)\\.grammarly\\.com/*",
      "resourceTypes": [
        "main_frame"
      ]
    }
  },
  {
    "id": 4,
    "priority": 1,
    "action": {
      "type": "block"
    },
    "condition": {
      "regexFilter": "^https://*\\.grammarly\\.com/(profile|api)/*",
      "resourceTypes": [
        "main_frame"
      ]
    }
  },
  {
    "id": 5,
    "priority": 1,
    "action": {
      "type": "block"
    },
    "condition": {
      "urlFilter": "https://www.canva.com/settings*",
      "resourceTypes": [
        "main_frame"
      ]
    }
  },
  {
    "id": 6,
    "priority": 1,
    "action": {
      "type": "block"
    },
    "condition": {
      "urlFilter": "https://www.canva.com/_ajax/*logout",
      "resourceTypes": [
        "main_frame"
      ]
    }
  },
  {
    "id": 7,
    "priority": 1,
    "action": {
      "type": "block"
    },
    "condition": {
      "regexFilter": "^https://www\\.skillshare\\.com/(settings|perks|partnerships|teams|logout|workshops)/*",
      "resourceTypes": [
        "main_frame"
      ]
    }
  },
  {
    "id": 8,
    "priority": 1,
    "action": {
      "type": "block"
    },
    "condition": {
      "urlFilter": "https://help.skillshare.com*",
      "resourceTypes": [
        "main_frame"
      ]
    }
  },
  {
    "id": 9,
    "priority": 1,
    "action": {
      "type": "block"
    },
    "condition": {
      "urlFilter": "https://www.skillshare.com/projects/new*",
      "resourceTypes": [
        "main_frame"
      ]
    }
  },
  {
    "id": 10,
    "priority": 1,
    "action": {
      "type": "block"
    },
    "condition": {
      "urlFilter": "https://account.elements.envato.com/subscription*",
      "resourceTypes": [
        "main_frame"
      ]
    }
  },
  {
    "id": 11,
    "priority": 1,
    "action": {
      "type": "block"
    },
    "condition": {
      "regexFilter": "^https://elements\\.envato\\.com/(subscription|sign-out|pricing|subscribe)/*",
      "resourceTypes": [
        "main_frame"
      ]
    }
  },
  {
    "id": 12,
    "priority": 1,
    "action": {
      "type": "block"
    },
    "condition": {
      "regexFilter": "^https://*\\.rupt\\.dev/*",
      "resourceTypes": [
        "main_frame"
      ]
    }
  }
]